{
  "rules": {
    "logbooks": {
      "$uid": {
        ".read": "auth.uid == $uid",
        ".write": "true"
      }
    },
    "users": {
      "$uid": {
        ".read": "auth.uid == $uid",
        ".write": "auth.uid == $uid"
      }
    },
    "DKT": {
      "$uid": {
        ".read": "auth.uid == $uid",
        ".write": "auth.uid == $uid"
      }
    },
    "gameStats": {
      "$uid": {
        ".read": "auth.uid == $uid",
        ".write": "auth.uid == $uid"
      }
    },
    "pedsQL": {
      "$uid": {
        ".read": "auth.uid == $uid",
        ".write": "auth.uid == $uid"
      }
    },
    "badges": {
      "$uid": {
        ".read": "auth.uid == $uid",
        ".write": "auth.uid == $uid"
      }
    },
    "RandomisationTotals": {
      ".read": "true",
      ".write": "true"
    },
      "QuizResults":{
      "$uid": {
        ".read": "auth.uid == $uid",
        ".write": "auth.uid == $uid"
      }
  }
 }
}