{
  "project_info": {
    "project_number": "411612735580",
    "firebase_url": "https://diabetesarp.firebaseio.com",
    "project_id": "diabetesarp",
    "storage_bucket": "diabetesarp.appspot.com"
  },
  "client": [
    {
      "client_info": {
        "mobilesdk_app_id": "1:411612735580:android:1205441ea36e02ac",
        "android_client_info": {
          "package_name": "com.xamarin.diabetesapp.android"
        }
      },
      "oauth_client": [
        {
          "client_id": "411612735580-tcrd75ino1i4rb897d51e935gqj963d4.apps.googleusercontent.com",
          "client_type": 1,
          "android_info": {
            "package_name": "com.xamarin.diabetesapp.android",
            "certificate_hash": "2d1b0a0c2be206c75a652b6c906e929b1614b3fd"
          }
        },
        {
          "client_id": "411612735580-kh1j60bprthifeim4lpf2efiah15b689.apps.googleusercontent.com",
          "client_type": 3
        }
      ],
      "api_key": [
        {
          "current_key": "AIzaSyDMHZSuyi3F5RqkhDBJnTOSNxwDaxzRSVQ"
        }
      ],
      "services": {
        "analytics_service": {
          "status": 1
        },
        "appinvite_service": {
          "status": 2,
          "other_platform_oauth_client": [
            {
              "client_id": "411612735580-kh1j60bprthifeim4lpf2efiah15b689.apps.googleusercontent.com",
              "client_type": 3
            }
          ]
        },
        "ads_service": {
          "status": 2
        }
      }
    }
  ],
  "configuration_version": "1"
}