﻿<?xml version="1.0" encoding="utf-8"?>
<Archive>
  <Name>Diabetes App Research Project</Name>
  <PackageName>com.xamarin.diabetesapp.android</PackageName>
  <PackageVersionCode>1</PackageVersionCode>
  <PackageVersionName>1.0</PackageVersionName>
  <CreationDate>636469451765131103</CreationDate>
  <SolutionName>DiabetesApp</SolutionName>
  <SolutionPath>D:\GitHub\Team_26_Capstone_2017\DiabetesApp.sln</SolutionPath>
  <Status></Status>
  <Configuration>
    <DebugMode>false</DebugMode>
  </Configuration>
  <Comment />
  <LastUsedKeystore>C:\Users\Jeremy\AppData\Local\Xamarin\Mono for Android\Keystore\Diabetesarp\Diabetesarp.keystore</LastUsedKeystore>
  <TimeStampingAuthority />
  <LastInsightsUploadDate>0</LastInsightsUploadDate>
</Archive>